﻿IF OBJECT_ID('PURCHASE', 'U') IS NOT NULL DROP TABLE PURCHASE  
IF OBJECT_ID('PRODUCT', 'U') IS NOT NULL DROP TABLE PRODUCT 
IF OBJECT_ID('CUSTOMER', 'U') IS NOT NULL DROP TABLE CUSTOMER 
IF OBJECT_ID('LOCATION', 'U') IS NOT NULL DROP TABLE LOCATION


CREATE TABLE PRODUCT (
	PRODUCT_ID INT PRIMARY KEY,
	NAME VARCHAR(50),
	PRICE INT,
	QUALITY VARCHAR(50),
	MASS INT,
	ORIGIN VARCHAR(50)
)

INSERT INTO PRODUCT VALUES (1,'ROTTEN TOMATOES', 300, 'ROTTEN', 100, 'INTERNET')
INSERT INTO PRODUCT VALUES (2,'COOKED PORKCHOP', 100, 'JAVA', 64, 'MINECRAFT')
INSERT INTO PRODUCT VALUES (3,'RAW KITTEN', 50, 'FACTORY NEW', 20, 'DUMPSTER')
INSERT INTO PRODUCT VALUES (4,'PUTRID MEAT', 150, 'SMELLY', 5, 'GRAVEYARD')
INSERT INTO PRODUCT VALUES (5,'GUTS', 1000, 'FRESH', 15, 'BATTLEFIELD')
INSERT INTO PRODUCT VALUES (6,'TOENAILS', 300, 'SMELLY', 5, 'TOE')
INSERT INTO PRODUCT VALUES (7,'BEANS WITH ONION', 2000, 'FRESH', 1000, 'BS&TH')
INSERT INTO PRODUCT VALUES (8,'NETBEANS', 2, 'JAVA', 1, 'APACHE')
INSERT INTO PRODUCT VALUES (9,'BRAINS', 300, 'ROTTEN', 10, 'POPCAP GAMES')
INSERT INTO PRODUCT VALUES (10,'RISO', 749, 'ROTTEN', 40, 'SPAR')

CREATE TABLE CUSTOMER (
	CUSTOMER_ID INT PRIMARY KEY,
	NAME VARCHAR(50),
	AGE INT,
	GENDER VARCHAR(10),
	EMAIL VARCHAR(50),
	CUSTOMER_WEIGHT INT 
)

INSERT INTO CUSTOMER VALUES (1,'GENERAL KENOBI', 35, 'MALE', 'hello@there.grievous', 81)
INSERT INTO CUSTOMER VALUES (2,'BEN SHAPIRO', 30, 'MALE', 'get.rekt@libtards.com', 75)
INSERT INTO CUSTOMER VALUES (3,'BUD SPENCER', 43, 'MALE', 'info@budspencer.hu', 125)
INSERT INTO CUSTOMER VALUES (4,'SHOEONHEAD', 25, 'FEMALE', 'demonitized@youtube.com', 52)
INSERT INTO CUSTOMER VALUES (5,'DURCHBRUCHSWAGEN 2', 80,'OTHER', 'watiswot@apcr.com', 30000)
INSERT INTO CUSTOMER VALUES (6,'TRUMP', 70, 'MALE', 'dedededeported@wall.com', 80)
INSERT INTO CUSTOMER VALUES (7,'MOM', 80, 'FEMALE', 'justcause@now.com', 200)
INSERT INTO CUSTOMER VALUES (8,'BASTILLA SHAN', 73, 'FEMALE', 'maybe@fallen.com', 65)
INSERT INTO CUSTOMER VALUES (9,'NIGHT KING', 2000, 'OTHER', 'cutesmile@wtfisdaenerys.org', 80)
INSERT INTO CUSTOMER VALUES (10,'NORA', 234, 'FEMALE', 'lelfrozen@vault111.onion', 63)

CREATE TABLE LOCATION (
	LOCATION_ID INT PRIMARY KEY,
	CASHIER VARCHAR(50),
	NAME VARCHAR(50),
	CURRENCY VARCHAR(30),
	AREA INT,
	WORKER_COUNT INT
)

INSERT INTO LOCATION VALUES (1,'ISAAC BUTTERFILED', 'AUSTRALIA', 'DOLLAR', 356, 2)
INSERT INTO LOCATION VALUES (2,'FLAMMENWERFER', 'GERMANY', 'EURO', 280, 4)
INSERT INTO LOCATION VALUES (3,'PHILLIPS', 'FRANCE', 'EURO', 309, 6)
INSERT INTO LOCATION VALUES (4,'ARMORED SKEPTIC', 'USA', 'DOLLAR', 1670, 14)
INSERT INTO LOCATION VALUES (5,'ASD', 'BARBADOS', 'DOLLAR', 145, 2)
INSERT INTO LOCATION VALUES (6,'POGGLE THE LESSER', 'GEONOSIS', 'TICKETS', 369, 8)
INSERT INTO LOCATION VALUES (7,'CLS', 'CORUSCANT', 'TICKETS', 257, 5)
INSERT INTO LOCATION VALUES (8,'YASUO', 'SPAIN', 'EURO', 198, 3)
INSERT INTO LOCATION VALUES (9,'YODA', 'DAGOBA', 'TICKETS', 401, 7)
INSERT INTO LOCATION VALUES (10,'MILO YIANNOPOULOS', 'USA', 'DOLLAR', 207, 3)


CREATE TABLE PURCHASE (
	PURCHASE_ID INT PRIMARY KEY,
	CUSTOMER_ID INT REFERENCES CUSTOMER(CUSTOMER_ID),
	PRODUCT_ID INT REFERENCES PRODUCT(PRODUCT_ID),
	LOCATION_ID INT REFERENCES LOCATION(LOCATION_ID),
	PURCHASE_DATE DATE
)

INSERT INTO PURCHASE VALUES (1,8,1,2,'1994-02-24')
INSERT INTO PURCHASE VALUES (2,10,6,8,'2011-12-25')
INSERT INTO PURCHASE VALUES (3,1,5,2,'2000-06-23')
INSERT INTO PURCHASE VALUES (4,6,4,3,'1923-12-06')
INSERT INTO PURCHASE VALUES (5,3,1,2,'2002-05-03')
INSERT INTO PURCHASE VALUES (6,7,1,5,'2005-06-07')
INSERT INTO PURCHASE VALUES (7,8,9,7,'1945-08-24')
INSERT INTO PURCHASE VALUES (8,4,3,7,'1998-11-24')
INSERT INTO PURCHASE VALUES (9,8,5,10,'1965-07-08')
INSERT INTO PURCHASE VALUES (10,5,7,4,'1985-08-08')
INSERT INTO PURCHASE VALUES (11,4,5,10,'1256-06-09')
INSERT INTO PURCHASE VALUES (12,10,4,3,'1821-07-16')
INSERT INTO PURCHASE VALUES (13,3,10,3,'1567-09-15')
INSERT INTO PURCHASE VALUES (14,6,9,5,'1958-07-16')
INSERT INTO PURCHASE VALUES (15,2,9,9,'1969-10-30')
INSERT INTO PURCHASE VALUES (16,3,8,7,'1539-09-05')
INSERT INTO PURCHASE VALUES (17,10,6,7,'1798-04-15')
INSERT INTO PURCHASE VALUES (18,7,6,8,'1901-12-12')
INSERT INTO PURCHASE VALUES (19,1,5,8,'1906-12-01')
INSERT INTO PURCHASE VALUES (20,5,3,2,'1561-08-12')
INSERT INTO PURCHASE VALUES (21,8,7,8,'1398-09-21')
INSERT INTO PURCHASE VALUES (22,9,3,10,'1932-11-11')
INSERT INTO PURCHASE VALUES (23,4,4,7,'1782-11-21')
INSERT INTO PURCHASE VALUES (24,9,5,1,'1945-10-23')
INSERT INTO PURCHASE VALUES (25,2,2,1,'1994-07-05')
INSERT INTO PURCHASE VALUES (26,3,2,5,'1934-06-27')
INSERT INTO PURCHASE VALUES (27,9,5,7,'1856-09-12')
INSERT INTO PURCHASE VALUES (28,4,5,2,'1367-03-15')
INSERT INTO PURCHASE VALUES (29,7,7,9,'1678-12-30')
INSERT INTO PURCHASE VALUES (30,2,10,10,'1945-02-21')